Channel,Watch time(Minutes),Stream time(minutes),Peak viewers,Average viewers,Followers,Followers gained,Views gained,Partnered,Mature
xQcOW,6196161750,215250,222720,27716,3246298,1734810,93036735,True,False
summit1g,6091677300,211845,310998,25610,5310163,1370184,89705964,True,False
Gaules,5644590915,515280,387315,10976,1767635,1023779,102611607,True,True
ESL_CSGO,3970318140,517740,300575,7714,3944850,703986,106546942,True,False
Tfue,3671000070,123660,285644,29602,8938903,2068424,78998587,True,False
Asmongold,3668799075,82260,263720,42414,1563438,554201,61715781,True,False
NICKMERCS,3360675195,136275,115633,24181,4074287,1089824,46084211,True,False
Fextralife,3301867485,147885,68795,18985,508816,425468,670137548,True,False
loltyler1,2928356940,122490,89387,22381,3530767,951730,51349926,True,False
Anomaly,2865429915,92880,125408,12377,2607076,1532689,36350662,True,False
TimTheTatman,2834436990,108780,142067,25664,5265659,1244341,50119786,True,True
LIRIK,2832930285,128490,89170,21739,2666382,199077,50504526,True,False
Riot Games (riotgames),2674646715,80820,639375,20960,4487489,497678,56855694,True,False
Rubius,2588632635,58275,240096,42948,5751354,3820532,58599449,True,False
auronplay,2410022550,40575,170115,53986,3983847,3966525,41514854,True,False
MontanaBlack88,2408460990,67740,181600,33514,2911316,1101093,37189666,True,True
sodapoppin,2329440420,115305,107833,19659,2786162,236169,39334821,True,True
풍월량 (hanryang1125),2186662470,181230,26999,12201,494445,92205,34405975,True,False
alanzoka,2055003870,103770,89153,19560,3445134,1325075,46515698,True,False
CohhCarnage,2029212570,175230,43615,11343,1264808,124242,38718674,True,False
Lord_Kebun,1943299035,153720,34830,12367,434200,137215,19645967,True,False
LCK_Korea,1916365860,47325,140557,39848,619382,255088,76225485,True,False
Castro_1021,1845157080,100215,125133,17779,2411995,550678,22672980,True,False
DrDisrespect,1839882465,73065,97540,23794,4450718,825004,43919410,True,False
TheRealKnossi,1811696100,56010,288459,24595,1260160,1082039,25342894,True,True
TheGrefg,1757406750,54855,538444,28887,3795667,3593081,47094362,True,False
YoDa,1690237110,135675,123796,12868,1792625,383130,38499423,True,False
Pestily,1659741015,138300,168112,8481,616168,520342,24029726,True,False
한동숙 (handongsuk),1621667925,127815,44976,12869,385250,73602,30610352,True,False
GamesDoneQuick,1619144100,87450,234826,6734,1724316,113469,43345080,True,False
Solary,1546597380,486510,24470,3187,493207,143569,48799554,True,False
Gotaga,1538511315,141675,81644,10750,2401580,632118,39591707,True,False
MOONMOON,1527882945,124680,24892,11220,923448,95776,13505898,True,True
DrLupo,1517612010,172350,90696,8311,4115083,567795,47295386,True,False
OgamingLoL,1483207890,496950,204491,3020,523758,115965,71583995,True,False
Myth,1479214575,134760,122552,9396,6726893,1421811,37384058,True,False
Evelone192,1474742220,83010,106900,16422,1075101,826433,47400543,True,False
nl_Kripp,1470897720,155895,29316,9256,1379123,96793,20034033,True,False
LEC,1470431925,45660,305119,28830,973727,551345,25924096,True,False
dota2mc_ru,1464683175,66675,182869,19495,428284,156721,38774178,True,False
Fresh,1464179820,147660,57431,9728,3135667,1875187,25341820,True,False
LCS,1461310140,31125,214124,46459,1162746,526244,28313058,True,False
ROSHTEIN,1435735725,118995,45843,11717,381918,242369,17836875,False,True
ibai,1412913285,57795,173238,22837,1894953,1602088,44178173,True,False
TFBlade,1394312895,141285,35833,9117,1008040,450146,35978104,True,False
Sardoche,1361024835,164235,144066,8066,746865,370358,32261961,True,True
LCK,1351758525,37140,171861,36030,934688,307853,28970100,True,False
Yassuo,1347412425,103905,70587,10531,1878416,689957,32362117,True,False
HasanAbi,1339344945,193560,44649,6543,470123,340810,14154952,True,False
BeyondTheSummit,1339097490,505080,116547,2635,923689,114948,42403593,True,False
Dota2RuHub,1330625430,92160,105359,13189,777510,126221,43831479,True,False
Bugha,1324519320,100470,66311,12982,2942212,2220765,49441744,True,False
RocketLeague,1322448480,33540,206681,36086,1409120,412101,57189129,True,False
csgomc_ru,1308967860,77955,364816,17020,492954,447601,42952835,True,False
Clix,1256647110,89760,81926,12996,2035180,1687923,33286370,True,False
Gorgc,1252711830,141135,56449,8683,391726,136943,20882507,True,True
서새봄냥 (saddummy),1241997345,182310,25482,6681,580794,97615,30550147,True,False
NoWay4u_Sir,1234567245,139920,24286,8479,383892,108832,23037239,True,False
RiotGamesBrazil,1228613130,38370,255542,25918,1011924,325801,33796768,True,False
JLTomy,1228169940,121455,42079,10053,428073,277529,13890640,True,False
SolaryFortnite,1223349555,381735,46710,3180,1478270,447191,26737542,True,False
ONSCREEN,1197130335,134880,88516,4134,918654,669348,22820310,True,False
AdmiralBahroo,1188645990,141210,21053,8152,778055,72454,12853095,True,False
Quin69,1186941750,174270,36742,6616,538532,87860,19512632,True,True
Trymacs,1184154975,107880,50957,10735,1607134,582089,21254933,True,False
dasMEHDI,1172969025,231465,47683,5013,299048,76568,7422911,True,True
sneakylol,1149209820,174885,22759,6775,1659108,183911,17820367,True,False
NickEh30,1148114400,117885,85073,9702,1660204,1445590,39439261,True,False
fps_shaka,1131509385,215160,26572,5195,303671,128907,21331882,True,False
LVPes,1115650275,90960,233009,12947,587677,158934,51523747,True,False
Vader,1110952500,184305,16289,5913,424374,57681,11535871,True,True
forsen,1106781045,109140,33966,10080,1308165,164792,18534278,True,True
Papaplatte,1105525440,125550,42230,8546,919026,552959,23472239,True,False
StarLadder_cs_en,1088832810,32880,329195,29956,820675,260993,29821162,True,False
Symfuhny,1076179485,137400,45671,7327,2355063,704327,18756705,True,True
DreamHackCS,1052904720,314595,212201,5001,1801697,275934,28759226,True,False
Mizkif,1052047935,123120,32671,7899,591653,365303,13585178,True,False
Rainbow6,1031011170,82380,135471,11535,1501197,428942,16786627,True,True
stylishnoob4,1029543660,118515,25263,8485,354579,124038,20638084,True,False
Maximilian_DOOD,1023316710,110040,43253,9235,833047,133195,15517436,True,False
Trainwreckstv,1021699920,148425,49379,7134,728097,379973,12449595,True,True
dota2ti,1017577605,6315,483530,147643,663297,121422,16228039,True,False
GRONKH,1017544335,54645,100330,17860,1216020,192000,16800930,True,False
SypherPK,1016450160,145230,130401,6553,3611359,1118169,26996445,True,False
ZeratoR,1011013035,84960,262273,10516,880728,240442,31456198,True,True
SilverName,1006608690,95625,29927,10618,614395,108466,27464678,True,False
Sacriel,1002681105,163095,66781,5573,672403,136341,60194490,True,False
dakotaz,978947160,132615,43397,7112,4520305,489250,18504106,True,False
Stray228,972961650,93750,36971,10290,773712,197486,23738903,True,False
AdmiralBulldog,972317520,154845,16681,6198,694253,66513,17095676,True,True
pokimane,964334055,56505,112160,16026,5367605,2085831,45579002,True,False
lestream,955346835,253395,47638,3652,883706,124020,25815105,True,False
ybicanoooobov,938816460,114765,17036,8255,523512,101937,16237397,True,False
Method,905107560,230940,148350,4135,401400,132108,22813009,True,False
Nightblue3,899215845,118980,17738,7234,2641880,175130,19181711,True,False
EsfandTV,888938940,189045,29597,4393,471970,216021,24144005,True,False
shroud,888505170,30240,471281,29612,7744066,833587,30621257,True,False
NOBRU,888211260,38655,132224,22070,1549722,1400039,6781403,True,False
buster,884353800,59295,97838,14195,1087377,1052053,37351933,True,False
Scarra,864157695,138360,27421,6060,1242014,333090,15626904,True,False
Baiano,859718520,85860,107069,9229,425797,363343,19412227,True,False
괴물쥐123 (tmxk319),857951685,116400,71933,7173,427926,367486,17151766,True,False
WePlayEsport_RU,853324635,92970,115737,8627,346934,243137,28789066,True,False
elded,853049385,110940,44758,7699,2601858,1108422,14789437,True,False
LPL,850636305,48765,146577,17573,502467,280538,31029241,True,False
juansguarnizo,849083325,123780,45631,6039,1204773,946280,12708431,True,False
Rakin,842581305,144510,51854,5333,1258173,517248,24523589,True,False
SolaryHS,827452485,460065,17513,1802,149073,35986,10445269,True,False
Cellbit,817373955,103095,68813,8264,1293451,547018,18105470,True,False
dota2ti_ru,812538090,6195,457060,126232,541644,108438,12068376,True,False
uzra,812362125,208785,14181,3683,185506,29752,20715640,True,False
OverwatchLeague,805163370,24480,254493,33132,1796619,83198,27099682,True,False
Thijs,794621265,108720,24923,7180,755116,68557,15548337,True,False
Swagg,790021440,108375,74199,6309,784966,723082,7527027,True,False
TeePee,789698115,170010,78741,4410,520519,238257,17102146,True,True
LVNDMARK,788421150,199350,96236,3688,248829,244295,8815201,True,False
Agraelus,779867430,169515,23555,4642,414951,132125,20334558,True,True
BLASTPremier,753808200,25260,113167,24689,501371,315910,21104122,True,False
cloakzy,748023225,101670,40497,6743,2138294,558107,14533643,True,False
aceu,744620970,118125,26141,6328,859439,763489,15894732,True,True
蝦愛橘子 (shuteye_orange),728551080,325935,7441,2217,85247,29549,18572922,True,True
Elraenn,726379485,51150,65543,13224,1223076,672978,20881140,True,False
Elajjaz,726000045,145755,13080,4922,346566,37883,12800182,True,False
CDNThe3rd,722562675,134280,55752,4919,2009972,167704,15136396,True,False
POW3Rtv,721548885,177885,69009,3836,1080764,495072,23271722,True,False
IzakOOO,717096330,129165,43050,4463,1461767,286467,23586902,True,False
DreadzTV,715644660,109725,35865,6249,675908,57448,32228705,True,True
따효니 (ddahyoni),711864630,152445,17253,4534,322895,46946,15586820,True,False
WePlayEsport_EN,704823000,107745,87751,6127,175061,137229,17857171,True,False
ElmiilloR,686456910,126105,45726,5163,426716,189847,20714971,True,False
Squeezie,667977780,29775,158972,19260,2149306,875678,21128175,True,False
allkeyshop_tv,663185955,487005,6075,1361,67472,26937,55639770,True,False
Domingo,662502810,65610,102022,11423,829700,276400,23040428,True,False
PlayHearthstone,661075170,41175,43877,13154,825727,39065,28719610,True,False
ESL_DOTA2,661049190,212010,99858,4714,337177,91323,14784068,True,False
Kitboga,656365305,80760,20913,7394,772055,331906,8392545,True,False
DansGaming,653181210,187530,33646,3270,817365,29415,13757678,True,False
老皮 (mobilmobil),652685055,126120,16497,5303,446426,34362,20520762,True,True
Destiny,650910525,162690,24101,3894,571183,115692,8579344,True,True
우왁굳 (woowakgood),650364705,158850,14177,4100,591500,207575,18626351,True,False
RATIRL,649761570,145050,14480,4420,423002,249048,14109245,True,True
bratishkinoff,646333065,60795,56790,10626,1128907,389268,25254350,True,False
Yogscast,644580630,443130,54885,1384,961860,127684,20999649,True,False
앰비션_ (lol_ambition),639445965,113415,57254,5332,362297,108498,17248420,True,False
jukes,628079220,76605,24263,8165,1327059,353576,19915875,True,False
木棉花官方頻道 (muse_tw),625892895,446655,16702,1397,121053,120954,13670649,True,True
Shlorox,625142130,115650,13945,5216,331632,77979,13181386,True,False
coscu,622424175,77160,80444,8919,1865296,1061265,19438119,True,False
dogdog,622199835,103335,24727,5856,594239,50345,12089717,True,False
chocoTaco,620395515,160830,30514,3846,1134153,250201,17922897,True,False
Locklear,619247415,108450,50103,5512,824676,469017,17854413,True,False
餐餐自由配 (blusewilly_retry),618755280,100515,17585,5941,374480,42764,18366224,True,False
Amouranth,618067800,235170,13495,2560,1707804,532750,48015117,True,False
UberHaxorNova,615472275,181950,7808,3247,421256,65267,7518457,True,False
Sfory,612617325,73590,75219,3197,457502,450299,12391816,True,False
Giantwaffle,612594165,165525,36340,3429,878934,15334,10831070,True,False
ZanoXVII,610609920,95730,30648,6073,514866,322929,6034891,True,False
침착맨 (zilioner),601906185,97545,43164,5843,465887,121506,18265409,True,False
SkipNhOLIVE,600910875,498765,7940,1196,324765,271487,6544645,True,False
Kamet0,600882645,130620,70983,4560,565661,221911,14071951,True,False
MYM_ALKAPONE,599850495,97830,26221,5948,770535,153803,7831334,True,False
김진우 (jinu6734),597275955,121545,12810,4710,274875,90213,9977487,True,False
imaqtpie,596368095,167190,26087,3478,2652018,50312,13182700,True,False
x2Twins,595707975,125745,31874,4167,1288969,1035561,15264996,True,False
C_a_k_e,588662010,129660,17317,4403,302633,45957,18161823,True,False
SmiteGame,586925850,344055,33245,1588,535211,73678,8305604,True,False
RatedEpicz,582401145,175920,11860,3336,134757,74221,7251200,True,True
wtcN,582125625,77385,73861,7438,1852272,566210,25333548,True,True
Anton,581034300,142890,137531,3199,207484,128050,6176254,True,True
benjyfishy,580787955,34350,75491,14423,1739112,1455278,20411553,True,False
StarLadder5,580541850,41715,189859,13089,1029203,104382,21525216,True,False
Reborn_Live,578122875,32100,57849,17488,697007,682512,9965787,True,True
CasinoDaddy,577240710,267465,6524,2168,151098,42680,7493491,False,True
H2P_Gucio,575998575,157995,10011,3581,220488,78264,13401489,True,False
Xayoo_,575138175,91260,23935,6091,572789,215098,12984472,True,False
Jinnytty,569601090,151815,15190,3607,372334,213291,15165872,True,False
KendineMuzisyen,567374295,58545,43422,9583,1372290,486410,17629667,True,True
Jahrein,566176425,61890,43683,8929,1422862,247212,18410268,True,False
Mathil1,561997440,134715,25866,3953,293595,66982,13159849,True,False
Greekgodx,561616335,89745,45741,7083,1278824,403108,12441822,True,True
Brunenger,559915035,183225,64308,2844,659652,649562,12736000,True,False
ClassyBeef,558883590,273660,33624,1941,108623,88671,6626543,False,True
Diegosaurs,558587535,128580,32463,4150,521201,270255,9851921,True,True
BobRoss,558170835,238035,11659,2175,1519266,216326,7491995,True,False
Nick28T,556741020,183660,15155,3024,977377,78054,6777975,True,True
녹두로 (nokduro),555637890,140670,15858,4040,165823,95603,9518923,True,False
GMHikaru,554249955,68355,46106,7155,505361,425023,20086431,True,False
SkipNhO,553663800,131580,23408,3875,1076499,281967,13901197,True,False
jovirone,553283745,96450,29272,5632,1089830,300545,17980307,True,False
Chap,550951215,157545,22571,3430,1272899,273926,13683195,True,False
김도 (kimdoe),549244755,134985,11759,4062,287639,10062,14188002,True,True
RebirthzTV,548041425,118920,14578,4629,276694,76546,8434367,True,False
Klean,545108145,169605,101124,2801,276242,154466,7844435,True,False
接接 (godjj),544706325,126705,12461,4378,331744,19325,20264128,True,False
Gladd,543954570,171195,54477,2779,337972,157424,9290817,True,False
CSRuHub,540556545,110880,106003,5044,511431,121099,23271913,True,False
CriticalRole,539495145,21300,110800,17689,571210,237069,7827030,True,False
Vinesauce,536989080,86790,19065,6125,442493,80616,5560969,True,True
울프 (lol_woolf),532969650,50910,73800,9633,308528,141297,9294132,True,False
Mithrain,530456265,105540,40183,4990,1258713,371005,24222810,True,False
EWROON,526660590,101235,21341,5172,514693,232079,13289271,True,False
ludwig,525883695,94575,60346,5368,542580,505089,8508355,True,False
RduLIVE,525737445,127380,11854,3953,234884,62490,7653194,True,False
Hiko,523057245,79665,41644,5268,1001350,479830,11106951,True,False
FENGRUSH,521568750,100605,16128,4985,95643,23288,44675247,True,False
Chess,521511525,96315,83666,5767,326118,181232,84500786,True,False
72hrs,519458565,136515,30702,3756,1024814,315190,12051692,True,False
TwitchRivals,516113670,36555,109148,14509,999480,644684,71159574,True,False
狂暴小建 (a541021),516009420,166575,8337,3105,207369,18023,18201933,True,False
hashinshin,515812965,192255,12540,2483,570621,159892,11386166,True,False
JoshOG,510984165,159300,85051,2957,1748928,120782,20688501,True,False
B0aty,510323715,151215,22375,3152,516113,49577,8448691,True,True
AustinShow,509643945,21000,72199,24739,840624,378656,11648873,True,True
39daph,509052375,135495,12648,3766,505362,470589,8983449,True,False
scump,506838930,71355,79976,6789,893010,275270,8661072,True,False
플러리 (flurry1989),505333050,128790,12084,3859,169505,51935,10969148,True,False
Kyle,501208575,161295,9339,3059,182260,60506,5692219,True,True
SummonersInnLive,499421415,64875,110095,6328,503346,46779,13724263,True,False
Aydan,495563580,140595,51268,3507,1701314,425036,11009240,True,True
Faker,492835710,17115,56325,29414,2716270,750480,26508938,True,False
Mongraal,492733995,27060,89706,18180,2951980,1454481,19515587,True,False
탬탬버린 (2chamcham2),490230510,95055,16243,5107,489270,144698,13076008,True,False
EmadGG,487281450,132630,67732,2741,702744,623391,9556065,True,False
쌍베 (pacific8815),483895050,120435,20936,3992,171858,54326,14452008,True,False
FolagorLives,482387190,79995,57813,5032,786983,417899,9640983,True,False
lilypichu,477949200,56280,33075,8407,1363222,657630,14729189,True,False
mistermv,476597370,71655,39961,6627,479900,150486,12959273,True,True
Bonjwa,473157810,251250,11063,1802,123954,20250,14247514,True,False
KingGeorge,472786395,160140,12621,2914,767727,250434,6445996,True,False
KingRichard,472405995,137175,17327,3312,1536757,109795,9570639,True,False
melharucos,468792120,130275,13825,3519,328473,59167,17845821,True,True
INSCOPE21TV,468467130,59925,51244,7554,658658,491663,10630158,True,True
JohnPitterTV,461605275,508965,4148,900,286184,211365,19054606,True,False
Zizaran,460519830,156195,20745,2552,267004,47149,16917944,True,False
imls,460332570,78945,32758,5621,392024,177673,8610645,True,False
TSM_ImperialHal,459076530,120975,23107,3550,302593,287810,8907366,True,False
악어 (jdm2088),458883255,32625,65622,15405,276488,132821,5377506,True,False
Ramee,457242510,159825,10845,2825,132642,74094,6606894,True,False
Towelliee,453487500,183090,15495,2392,705098,21398,17009119,True,False
SPYGEA,452479680,143730,17228,3131,222046,92067,10569192,True,False
FollowGrubby,451910415,132015,15296,3365,430649,46282,12249560,True,False
Amar,449223195,100800,45549,4207,604374,281928,11787544,True,False
mch_AGG,443328990,499575,11191,884,219431,124548,11142208,True,True
IWillDominate,442870530,93480,23813,4591,797244,79514,8695968,True,False
Nadeshot,440331540,50175,40327,7985,1472104,428800,7844647,True,True
buddha,438460680,135090,11971,3184,247303,24901,6326808,True,True
Deadlyslob,438143850,119085,104568,3088,315637,130944,6321235,True,False
懶貓 (failverde),437353350,184845,14610,2348,169973,29861,13001718,True,False
嬌兔 (zrush),436243530,137910,10628,3084,180412,49296,13297850,True,True
HoneyMad,434971635,67995,21369,6394,533250,74407,14755893,True,True
ESAMarathon,433329345,301395,22132,1460,244440,35038,32500708,True,False
Nmplol,429213420,63870,24687,6767,455444,130564,8859183,True,False
relaxing234,428279160,51180,19194,8405,258402,88247,12225523,True,False
Doigby,428267280,59655,93577,6829,1068260,611786,11805401,True,False
Sequisha,426325350,163530,19755,2540,252495,86220,7404102,True,True
HusKerrs,425044665,107610,39433,3247,361360,288952,6298662,True,False
얍얍 (yapyap30),422278350,46800,36933,9306,301033,26768,9798569,True,False
Elwind,421436625,58965,18270,7165,703464,200170,14369324,True,False
Shiphtur,420316860,118410,19688,3414,709343,58604,7906425,True,False
BarbarousKing,419187600,188895,13419,2244,159402,42931,4822422,True,True
alexelcapo,418413015,72930,74670,5772,680023,211908,13364167,True,False
moistcr1tikal,415091820,103170,42135,3977,1166681,724159,7780736,True,False
Rush,412717875,86265,15405,4731,542991,120906,7575905,True,False
LosPollosTV,411900525,69900,54323,5671,476096,138468,6201733,True,False
DreamLeague,411414600,244560,147514,1751,349054,61032,7424007,True,False
Voyboy,411274050,80670,21187,4632,1251182,139443,8151140,True,False
BastiGHG,410621295,144135,10455,2733,507730,236118,8093220,True,False
DatModz,409985220,228615,14288,1753,270720,36757,9812812,True,False
dafran,408885990,92565,19611,4319,599036,142689,7944645,True,False
yeTz,408478725,87990,21212,4221,849972,281059,10731565,True,False
Aurateur,407829960,163815,15547,2492,142427,26782,4368785,True,True
pokelawls,407214675,118335,22496,3352,668807,182123,5999354,True,False
ziGueira,407188275,117555,36519,3203,529814,212042,7967420,True,False
A_Seagull,407156655,95160,28779,4193,1028544,55228,7374161,True,True
koil,403848390,145035,13421,2791,299033,50231,7743238,True,True
PAGO3,402836460,156135,20284,2326,425072,150470,12693893,True,False
Llobeti4,402468465,112545,37469,3410,648084,606080,9957496,True,False
殺梗 (xargon0731),401439255,155325,8406,2549,283232,16999,17013239,True,False
itsHafu,400822020,123375,34345,3276,787371,36756,10008765,True,False
shongxbong,400635750,50310,94869,7656,845158,671127,4198232,True,False
StaysafeTV,399746130,135180,15608,2876,149648,73218,7427189,True,True
Loeya,398289900,150495,7955,2635,1233300,337821,19024045,True,False
RiotGamesJP,390922410,26325,60682,13675,141684,36105,9101692,True,False
btssmash,389890800,362970,94083,1061,216558,81658,6933788,True,False
PietSmiet,387717165,84495,39004,4147,576903,122061,11483357,True,False
Payo,385755615,137400,12274,2772,175503,112595,11672019,True,False
Shotz,385739280,153105,10316,2523,159763,48388,5464553,True,True
실프_ (silphtv),385176540,197055,9401,1891,309065,87400,7215989,True,False
m0xyy,384746505,136095,25387,2431,461534,269311,6207063,True,False
LexVeldhuis,380251830,73935,58416,4939,244467,66680,14339774,True,False
NateHill,379971075,111555,41610,3311,1055613,449635,14221498,True,False
Shaunz,379800060,97860,20861,3791,148568,84393,10605782,True,False
Emongg,379682235,155910,21922,2228,504653,156093,5794763,True,False
fl0m,379633995,188070,19318,1931,658323,183265,11489901,True,False
AsmodaiTV,379345935,132360,11751,2796,247056,30588,6547592,True,False
Homyatol,378734925,70725,26274,4826,375749,249186,6981248,True,True
Grimmmz,377312595,176580,21993,2153,1001739,37734,7803917,True,True
aXtLOL,376430955,73815,25340,4991,763886,193266,8969210,True,False
boyMinORu,376358805,142830,22141,2717,367223,73551,17822170,True,True
just_ns,376209315,93615,37023,3969,341549,66811,12351240,True,False
BurkeBlack,372767025,171675,4922,2154,276421,13471,5367772,True,True
Trick2g,371417130,132945,28917,2650,1476226,115863,8688676,True,True
FORMAL,369971310,137190,16518,2391,512592,176173,4803076,True,False
Fortnite,369166335,12030,169084,28584,3558217,1163448,21509520,True,False
Magic,362552205,43350,114234,5123,365714,50355,18694298,True,False
Xari,361741665,80535,28830,4841,269447,147894,5746209,True,False
RocketBeansTV,360858030,518415,5223,696,416018,27024,5973152,True,False
ANGRYPUG,360278835,184845,9822,1892,366463,48331,4962556,True,True
MarcaoRX,359273445,336690,5210,1258,166594,65904,4541683,True,True
yamatonjp,359095725,159420,8247,2269,179920,67794,10882318,True,False
btscsgo,357966315,57165,74949,6530,219539,166599,9173781,True,False
Skyyart,356907810,111165,32577,2311,598579,239491,8203617,True,False
gratis150ml,356697420,198075,9601,1801,741652,129328,12187175,True,False
ShivFPS,355389630,203175,7216,1782,236407,174213,6900666,True,False
Ponce,355091505,111360,23255,3043,242969,196880,13687141,True,False
Distortion2,354144315,170220,11495,1953,314170,44982,5500067,True,True
boxbox,353396640,117720,25314,2717,1717150,145809,9971842,True,False
강지 (rkdwl12),353381040,141450,29993,2484,507418,270927,12873339,True,False
TheKAIRI78,353046060,50310,47081,6795,885915,650990,5134322,True,False
RiotGamesRU,352700745,17880,73049,19753,173861,75538,6832561,True,False
FPSThailand,351025410,158640,38563,2260,390579,74894,18596656,True,False
김나성 (naseongkim),350120640,215505,7628,1584,103260,20536,8471746,True,False
오킹 (obm1025),346276365,96000,19328,3563,428179,244442,8920133,True,False
singsing,346171920,126795,11839,2735,572005,45761,6526670,True,True
BlackUFA,345166455,88035,10349,3889,279922,34803,12888906,True,False
QuattroAce,342273825,185715,48810,1696,157620,136490,7245324,True,False
bateson87,342162660,98730,20204,3344,598678,254821,16648694,True,False
Staiy,341874270,91545,15429,3711,259624,90591,5503882,True,False
polsatgames,340417455,57870,66706,5695,141026,74586,16290334,True,False
NymN,340095510,100125,23488,3402,241746,111122,4409296,True,True
orangemorange,338213940,122835,18387,2653,261139,85861,9889442,True,False
MinosTV_,338084550,167190,24576,2034,204605,192534,5554989,True,True
NairoMK,335695215,106200,22074,3054,339545,69474,6132895,True,False
철면수심 (109ace),335311860,145425,12180,2202,166726,35165,7631326,True,False
UnknownxArmy,333869670,92250,41700,3735,850944,836664,11325781,True,False
s1mple,333097410,24615,34971,12723,1681884,740732,20277843,True,False
bysTaXx,331965075,48945,259210,6210,1093212,795296,10207313,True,False
Sjow,331726155,149700,8140,2189,240206,21662,3365340,True,False
hardgamechannel,331308960,55125,27529,5711,786562,256678,10562872,True,False
scoped,330160515,63360,47343,5165,731808,728892,8279834,True,True
VooDooSh,329448660,137670,7560,2519,85678,66129,9003037,True,True
WELOVEGAMES,328935150,116520,27956,2761,413458,49713,23682775,True,False
StereOnline,327697680,400770,4227,785,327645,91352,4620985,True,False
keanelol,327242790,147255,7208,2176,162917,85035,4068823,True,False
살인마협회장 (sal_gu),326488155,122925,16252,2663,164092,45255,6226900,True,False
sips_,325731015,108990,7872,2984,430755,84034,4331397,True,True
ESL_CSGOb,325637220,52530,89949,5114,575769,183662,13742820,True,False
kyo1984123,325018110,204975,5967,1516,135687,12731,12070678,True,False
midbeast,324433515,118005,16153,2652,330060,143256,10000927,True,False
Alexby11,323225055,54810,53526,5331,1448018,1145810,8378248,True,False
Tumblurr,322841490,81210,17165,3846,353687,236441,4008897,True,False
Veritas,320121405,135150,103833,1595,182492,131913,4176079,True,False
daltoosh,319194420,154440,16445,2038,241602,163486,3665065,True,False
ELoTRiX,319051995,56310,31194,5620,895851,318247,5587147,True,True
TSM_Viss,316437645,117795,18844,2668,762778,101135,7091125,True,False
Anthony_Kongphan,316366395,163920,49085,1858,462128,44534,6805829,True,False
modestal,316203420,55455,25985,5660,323364,193939,11440074,True,False
소풍왔니 (yumyumyu77),315613800,66315,24521,4496,309322,46911,13030325,True,False
XEWER,315398565,189315,17100,1660,455056,215059,6449741,True,False
blxckoutz,314656260,152970,18483,2566,482061,402587,8381945,True,False
EASPORTSFIFA,313078095,12165,106126,24395,1287954,427684,11286667,True,False
ALOHADANCETV,312898725,70320,18317,4288,555334,92209,12461610,True,True
연두는말안드뤄 (rudbeckia7),311520135,126300,7111,2478,212053,24606,9675073,True,False
Flashpoint,311325840,19320,77708,11713,93616,93120,27828448,True,False
Steelmage,311218875,178485,10815,1696,60987,37839,7005761,True,False
RoyalPhunk,311093010,104565,12141,2934,204451,34597,4921311,True,True
Overpow,309892665,153015,10858,2004,254516,29344,9020762,True,True
NeVeR_LosEs,309559170,82635,9671,3680,200953,23806,10608507,True,False
AvoidingThePuddle,309117315,80955,13108,3893,336181,67040,4202354,True,True
Ko0416,307823730,200625,5448,1515,108784,12127,11705657,True,True
Dota2ruhub2,307331445,55230,54508,5158,248277,71813,13417924,True,False
Slushpuppy,307001595,150525,118125,1560,122486,85852,5065635,True,False
itmeJP,306920835,145950,24603,2079,369273,6134,10677522,True,False
JesusAVGN,306076605,78315,43859,3838,682899,181914,13548535,True,False
tarzaned,306010080,72390,14602,4159,388878,172683,7744943,True,True
Mickalow,305967975,157260,37872,1830,864324,260914,8191116,True,False
UNLOSTV,304599090,19995,128345,12171,1585519,571237,11452750,True,False
resttpowered,304222200,148335,9248,2072,252184,37681,8585834,True,False
Felps,303435945,96930,15553,3109,844681,284169,6099521,True,False
Doublelift,301917225,20370,52584,13364,1389835,166536,7617972,True,False
쉐리 (kss7749),301790445,115380,12295,2403,170718,19597,7546887,True,False
Kiwo,299469345,234330,10836,1243,296481,38195,4900030,True,True
adolfz,299235990,62520,15928,4926,294217,154653,2743587,True,True
LigaPro1,298828170,232620,11533,1149,30986,29434,60922719,False,False
knekro,298811910,102210,13731,2912,260728,97206,10900480,True,False
Savjz,298693050,86205,12708,3401,542892,13967,4072337,True,False
BobbyPoffGaming,298668465,224295,6453,1254,125803,81131,2208405,True,False
The_Happy_Hob,295999245,106125,8560,2834,216106,38712,4158704,True,True
Smurfdomuca,294868035,107055,18282,2843,267948,251923,5976634,True,False
Timmac,294663825,191970,13500,1460,393639,32867,4232938,True,False
Nikolarn,293952480,129510,30044,2279,526389,214216,3964166,True,False
소우릎 (so_urf),293688270,167895,9665,1756,95477,44040,8120712,True,False
RiffTrax,293583075,521445,24765,562,79099,17200,3313465,True,False
pimpimenta,293014110,164940,20855,1744,828298,254312,12258152,True,False
FACEIT TV (faceittv),292881510,35910,145470,9722,1681615,23166,17259602,True,False
crokeyz,292698660,163095,5916,1796,68907,36715,3476636,True,False
Letshe,291144945,80745,28808,3073,884661,687813,11561585,True,False
SaltyBet,290991045,508140,3467,571,224099,69465,4509671,True,False
소니쇼 (sonycast_),290499225,100605,7998,2840,255949,54706,10802748,True,False
HGmony,290461620,111360,21999,2465,34358,32326,90310969,False,False
jakenbakeLIVE,289531305,120435,23432,2375,489623,116554,7920696,True,False
Syndicate,289369785,58695,22845,4281,3000509,282047,13227099,True,False
RakanooLive,289110855,104535,22607,2726,1234662,471456,3836302,True,False
공혁준 (rhdgurwns),289103100,76590,40001,3828,289455,67061,12487303,True,False
limit_maximum,288857850,85905,124818,1886,162040,70116,5965543,True,True
ElRichMC,288441015,31155,95938,9062,688715,431071,8120275,True,False
guit88man,287764245,140685,7681,1989,144898,25130,8666012,True,True
RaizQT,286839210,121965,15185,2164,167584,31194,5190502,True,False
ReventXz,286819950,84330,47282,3073,362062,219868,8050871,True,False
PatoPapao,286740930,100470,11694,2795,656860,116753,8955254,True,False
Replays,285932205,140220,16193,1983,871405,449727,5185473,True,False
cdewx,284645955,139140,23448,1904,380159,50596,8015709,True,False
亞洲統神 (asiagodtonegg3be0),284354865,63645,18594,4426,494643,22853,11106574,True,False
BotezLive,283479405,115845,36278,1985,330772,280964,12851602,True,False
Conterstine,283398825,92805,18090,2557,386804,375789,5308302,True,False
BeyondTheSummit_PT,282753480,339000,49496,807,203549,60955,9694977,True,False
AlphaCast,281533785,84165,28898,3046,411993,152951,8864009,True,True
DownToQuest,281365035,513540,20723,543,82299,53724,3524088,True,True
똘똘똘이_ (jungtaejune),280810635,165945,6787,1649,124835,15713,8660860,True,False
PENTA,280798065,116745,7172,2322,152821,40474,2786097,True,True
thedarkness,280707810,155595,7440,1914,536792,138160,7628946,True,False
uhSnow,280296045,88500,8375,3150,134611,43869,3334788,True,True
JERICHO,280176915,112860,21935,2401,1191987,66665,7582522,True,False
T90Official,279691620,76395,51422,3379,160226,69044,6886631,True,False
DanucD,278223765,135030,4439,2045,546052,223147,12048648,True,False
DisguisedToast,277695945,20325,38169,9892,1340283,192604,5928269,False,False
DesertHeartsRecords,276313155,64620,24264,3620,85097,84304,58418224,False,False
Jankos,274889760,45045,18826,5858,573657,271355,9284513,True,False
GarenaTW,273964050,12435,85416,22130,401222,21388,7818029,True,False
개복어 (dogswellfish),273920670,161235,10929,1601,215413,37690,10626908,True,False
Sykkuno,272813670,91035,29658,2530,334591,305734,5285377,True,False
JokerdTV,271815660,120165,319862,2013,159384,157656,9070954,True,True
A1taOda,269877405,140625,11974,1844,537519,67361,10306828,True,False
livekiss,269518965,517260,7435,520,31323,2447,1641644,True,False
Jerma985,269372580,57495,15921,4773,334594,92752,3411872,True,True
KamoLRF,269229795,66330,19264,3948,688868,184854,5731570,True,False
GoldGlove,268632360,119895,22448,2196,1433703,23684,16902968,True,False
harbleu,266439435,65775,13230,3926,349467,112349,3527460,True,False
runthefutmarket,265426125,84945,20746,2999,292812,146753,4266359,True,False
웁_게임방송 (alenenwooptv),265229580,189900,4290,1418,125615,22295,5390604,True,False
KarmikKoala,262630950,120450,10587,2205,151920,71165,8619663,True,False
JustCooman,262612740,76035,10776,3287,159117,89413,7809170,True,False
IamCristinini,262492530,135240,7943,1906,398634,218848,12690137,True,False
Xop0,262276575,235920,4074,1110,94751,50725,18709302,False,False
Warframe,262160025,13740,346131,12843,1254031,282680,5405191,True,False
Smoke,261617925,100050,25500,2331,166007,53212,2955403,True,False
Moondye7,261610875,97350,22231,2530,306920,39732,6839587,True,False
jean_mago,261252810,113445,11418,2012,342691,269837,7609872,True,False
mL7support,260845395,115380,9038,2124,342850,140872,5387428,True,False
KriszhAdvice,258011790,147675,28709,1593,284899,97984,6927865,True,False
QuickyBaby,255820995,118710,11077,2207,416329,45998,5642381,True,False
aDrive,255087615,101085,14637,1692,461081,117274,3858228,True,False
Ampeterby7,254852265,27480,43882,9301,1194476,1185647,6513197,False,False
KabajiOW,254772135,72240,13865,3252,369667,87338,4098475,True,True
SNEUX,254717640,57510,30067,3748,196635,155555,4540889,True,False
TrU3Ta1ent,254345355,113745,10901,2204,595939,101235,6614948,True,False
OgamingSC2,253498875,484455,11457,547,105368,11075,15776556,True,False
머독 (ajehr),252452325,76575,11117,3292,362794,86655,5623906,True,False
cyr,252345645,146190,19267,1678,182107,49771,4106827,True,True
MrSavage,251627985,33030,31525,6883,1651212,734583,9931629,True,False
Perxitaa,251497200,30330,55418,8010,689582,669977,7036771,True,False
IlloJuan,251067885,60495,24315,4087,275174,178705,5676686,True,False
masondota2,250624350,83205,8377,2882,104526,39906,3406472,True,False
Annoying,250297065,64290,17361,3884,431285,158587,1799471,True,False
고차비 (kumikomii),249821475,152370,5227,1615,177741,62122,5979126,True,False
Manyrin,249488880,109125,17140,2284,449520,146381,11128490,True,False
1DrakoNz,249476295,99180,15242,2655,373375,252999,6950267,True,True
Pace22,247862850,156975,10350,1524,171871,112723,3080537,True,True
Rammus53,247730100,104520,16370,2217,978645,332303,11041262,True,True
SaltyTeemo,247613265,517980,1803,476,173196,36103,2117741,False,False
Odablock,247535550,101595,29397,2336,131966,92477,4228405,True,False
MckyTV,247481385,65025,49791,3599,722041,256660,9947455,True,False
Calebhart42,246974370,124830,6763,1808,177595,13410,2533119,True,False
MacieJay,246761880,107805,7318,2249,835787,195140,5353692,True,False
R6esportsBR,246712590,47100,60386,4021,323856,98848,5855733,True,False
chistor_,246342825,128430,7099,1838,89608,30354,5658271,True,False
Kephrii,245934495,165135,8709,1297,559647,102990,5923710,True,False
FEDMYSTER,245399790,24945,35011,9086,609723,284967,5176805,True,False
Gosu,244854375,64590,16362,3502,1751290,185952,9377658,True,False
supertf,244635645,90585,9118,2526,196136,139939,3551440,True,False
MoMaN,244502235,145755,16550,1363,360418,120693,8390437,True,True
Kotton,244412715,73005,58818,2757,253065,80920,4459178,True,True
saintvicious,244262295,168030,5370,1422,247236,44436,3133396,True,False
winstrike_tv,243711495,19695,153252,12058,148183,148055,8767404,True,False
pijack11,243578730,148140,8181,1569,252717,144993,6752832,True,True
pqueen,243465255,88965,11976,2602,485787,328149,8544093,True,False
Northernlion,242833140,60855,9312,3968,359260,22629,3384340,True,False
Nattank,241616550,144480,8770,1537,86544,67207,8232442,True,True
bmkibler,241615470,103230,15034,2247,475075,23971,5087052,True,False
Arteezy,240834885,12285,31009,19681,634982,99726,3776042,True,True
선바 (sunbaking),240663180,86235,8260,2762,251416,98720,3298202,True,False
flamuu,239018790,126915,5242,1851,117425,36301,3225407,True,True
Mixwell,238993935,52905,23552,4219,331208,271798,6539837,True,False
AntoineDanielLive,238217145,54870,16671,3964,416920,272263,6778234,True,False
G4G_REVENANT,237767160,82110,14376,2947,284620,69353,6608568,True,False
maxim,236707830,71685,21262,3173,312566,129119,5439874,True,True
양띵 (yd0821),236218920,28275,38412,8075,279864,56233,1901665,True,False
c9judite,235689105,364425,8210,644,105341,84754,7982996,True,False
WOKE,235303170,51600,50598,3827,107484,105725,3460437,True,True
Amaz,235255500,84525,12652,2764,915023,-5405,4237993,True,False
ESL_SC2,234726075,278745,40072,1414,305311,36130,5674624,True,False
CooLifeGame,234307740,47010,15459,4415,395859,167356,5764214,True,False
BruceGrannec,234104805,78270,11287,3011,463188,95268,5973378,True,False
CuteDog_,234058290,207090,7016,1104,113658,22074,3489772,True,True
大丸 (wtf_winds123),233395950,92775,11975,2410,259338,32952,9883708,True,False
theRealShooKon3,233210205,166260,6148,1333,126282,37207,2944974,True,True
Albralelie,232815960,128580,18730,1668,240030,216977,5392597,True,False
룩삼 (looksam),232224165,75030,32222,3302,285474,14351,7901792,True,False
GTimeTV,232140015,187335,14110,1022,665021,155419,5838039,True,True
WagamamaTV,231985905,178470,7377,1268,312799,20933,3880798,True,False
sleepy,231452460,107280,8855,2103,317125,254462,3295029,True,False
FifaTargrean,231025755,170820,6721,1353,396862,66121,7798628,True,False
GrandPOObear,231011760,101175,13295,2230,253619,44926,3877237,True,True
Pun1shers_TV,230552955,123345,6289,1961,82289,51159,4148542,True,False
gamelifeow,229805670,99600,37939,1659,234471,169229,8373012,True,False
Sh4dowehhh,229762950,112875,11788,2012,84234,70619,6477747,True,False
LuluLuvely,229749045,107070,10110,2178,431852,360592,6019198,True,False
Swifty,229431480,122160,19884,1572,615027,71011,8647522,True,False
Mibrtv,228640020,82620,151094,3310,250709,242229,6671227,True,False
PsheroTV,228376905,184215,10739,1166,202779,59927,5384623,True,True
bytarifaaa,228077640,15390,121009,13435,638657,629175,3651549,True,False
Alderiate,227675805,69030,11480,3337,319860,80730,5471250,True,False
Solaaaa,227479455,96375,16718,2227,309594,107558,5135340,True,False
Strippin,227458650,121575,9127,1816,293665,19904,3115313,True,False
Mendo,226473345,99480,25321,1959,518090,176007,5487693,True,True
Pikabooirl,225939795,103740,21309,2146,237214,78399,5574448,True,False
Skadoodle,225401640,89955,30357,2318,611890,219104,5373229,True,True
MasterSnakou,225243465,124275,12948,1786,448316,73137,6565757,True,False
루시아 (lucia94),224762820,141705,8886,1603,82578,37026,5801449,True,False
Otzdarva,222546390,91905,14940,2387,262104,146762,3176930,True,False
꽃핀 (cherrypach),222377040,94125,10985,2369,240835,90457,6606649,True,False
Opat04,222161730,116775,9497,1814,178477,109720,6632006,True,False
icebergdoto,221837100,52380,16441,3746,171113,84551,6944929,True,False
P4wnyhof,221823735,181830,7196,1205,489174,6719,6891131,True,False
Mazarin1k,220905615,202410,9605,780,205378,68292,9980766,True,False
김뚜띠_ (kimdduddi),219998175,90750,7244,2318,149158,67954,3549865,True,False
옥냥이 (rooftopcat99),218888325,92805,8794,2256,214028,59213,5969221,True,False
KingGothalion,218707740,34875,41994,5792,1015521,44907,3349456,True,False
ItsSlikeR,218576850,95655,12762,2317,283503,154360,5243404,True,True
Alinity,218509065,90150,17341,2441,1203324,255987,13908506,True,False
TidesofTime,218415420,88485,12457,2104,251700,27110,2240586,True,False
GernaderJake,218318010,146295,21162,1347,295771,70693,8847646,True,False
スタンミ (sutanmi),217833015,80190,7854,2683,53124,16505,3473483,True,False
DarioMocciaTwitch,217475940,103995,8160,1749,114376,96707,4356099,True,False
bebe872,217343400,212205,4965,1087,70232,51251,2383295,True,False
Lasqa,216969405,72210,10010,2863,135446,25351,5298356,True,True
六希夫 (qttsix),216951540,154035,9671,1412,118305,23620,8174656,True,False
Flight23white,216792240,31455,74388,7522,828896,704583,2016920,True,False
Heelmike,216316170,101400,18963,2115,308927,208795,3406743,True,True
OGADotaPIT,216072855,18705,60846,10161,157820,48664,8333671,True,False
SoloRenektonOnly,215806260,122985,5118,1735,391603,74554,4581141,True,False
OfficialAndyPyro,215726910,209625,9676,1027,255595,29422,10284627,True,True
k3soju,215233395,125865,7504,1647,76666,70939,2609837,True,False
SkyrrozTV,215122605,85890,17061,2185,597890,216436,6233611,True,False
LeBouseuh,214699305,61455,24497,3678,988237,351530,4545514,True,False
BikeMan,214504440,136845,7223,1486,264192,11101,3531376,True,True
Rubini,214130175,161985,5521,1284,102528,43426,7976244,True,True
JLWaliid,213819030,94875,19603,2239,272391,246417,4345817,True,False
qSnake,212541900,152955,5441,1389,200878,37641,6296155,True,False
Criken,212449905,113040,11050,1828,285509,32753,3593487,True,True
Loserfruit,212318190,99525,42374,1816,1869993,790345,10477877,True,False
Broxah,212141310,46605,13137,4269,317896,209200,5351294,True,False
JonVlogs,212114490,81180,21617,2239,480299,261559,3260166,True,False
ImSoFresh,211617645,180060,5788,1119,111954,36095,3673955,True,False
BeBePtv,211307910,110010,14353,1865,57205,24674,63847323,True,False
TrilluXe,210899220,79170,27943,2095,412495,95629,7212835,True,False
landonorris,209499930,30120,97550,6524,584831,457635,12694726,True,False
LotharHS,208564530,152235,14561,898,251812,136198,6742783,True,False
ElcanaldeJoaco,208060515,20445,48072,8673,810622,758797,4893535,True,True
CzechCloud,207938580,145050,8212,978,180668,111145,9000160,True,False
chess24,207560115,82035,32856,1603,66198,49745,20337169,True,False
TheNo1Alex,206694345,176910,8554,1105,140855,30883,7225371,True,False
Crystal_LoL,206487075,139725,7471,1466,167132,98846,5571500,True,False
WeAreTheVR,206446935,75975,20851,2688,410814,85526,9512134,True,True
AdzTV,206255820,137250,11247,1443,489577,167548,4236933,True,False
IrmanPlay,205792560,42570,17697,2612,252042,232876,3312084,False,False
Tomato,205792050,76080,5358,2675,92634,36010,2200922,True,True
쫀득이_ (pjs9073),205748130,79215,15654,2597,193757,115990,5979215,True,False
runitup247,205746015,486000,1182,422,91608,30397,2424188,True,False
NeZaK_,205442370,134205,7262,1407,255840,207722,3017013,True,False
피닉스박1 (xkwhd),205225605,179595,9938,1139,142209,50675,4794915,True,False
skill4ltu,205017270,135510,4049,1503,127741,46398,4548052,True,True
ilMasseo,204889125,92370,8980,2184,617665,436741,4364008,True,False
Worrun_,204440715,94455,41881,1728,146163,103762,3425022,True,True
brax,204330900,26010,28736,5295,574927,282648,4449212,True,False
rewinside,204116820,48420,24167,4455,1259972,372220,5349508,True,False
금사향 (sah_yang),204029970,125325,7143,1559,206794,108366,7584329,True,False
HAchubby,203908095,73110,13675,2779,221461,159519,5075885,True,False
Recrent,203854050,129375,6781,1502,220789,120204,8936320,True,False
iLame,203117655,161025,4911,1243,233263,66490,9831952,True,True
ixxYjYxxi,203102445,37305,15223,5459,857099,409932,2378245,True,False
Wingsofdeath,202858185,144150,7176,1343,473157,6267,2534023,True,False
mang0,202842615,140325,24391,1403,328671,53694,3077795,True,True
Kamikatze,202635300,126900,8509,1586,107476,36955,4997073,True,False
Philza,202591425,62925,24611,2991,527540,292543,5158370,True,False
Kurumx,202487955,131190,16413,1543,50286,49439,2485867,True,False
Pieface23,201823125,93360,14072,2149,238155,127444,2037389,True,False
CurtisRyan,201233880,162660,7245,1205,65688,33141,3760730,True,True
CalebDMTG,200582400,121635,5446,1608,71327,9005,1563033,True,False
MarkiLokurasY,200552295,71070,26329,2714,923377,417223,7000112,True,False
JLBichouu,200256675,90720,16461,2039,212578,150452,4001304,True,False
나나양 (nanayango3o),199960005,122025,6411,1589,147351,63332,4789098,True,False
DavyJones,199829100,48375,44526,4111,955846,454965,10940319,True,False
Fairlight_Excalibur,199826220,163650,19156,1208,408958,5162,1645770,True,False
PG_Esports,199821495,107715,24734,1933,112874,41935,16923320,True,False
StreamerHouse,199501650,496545,12609,402,630255,10659,2800864,True,False
Peereira7,198252765,133800,14532,1377,377689,361206,6222094,True,True
Twitch,198083340,12015,130795,9190,1189614,223168,46395022,True,False
Sev7n,197315655,183630,31836,1037,469944,225963,7453572,True,False
Wardiii,196743645,104280,9459,1670,76777,31905,3970743,True,False
자동 (tranth),196585155,142260,5451,1402,85764,11733,5114165,True,False
Kubon_,195943620,145845,9545,1323,267984,25721,6142647,True,False
KarasMai,195800370,138300,6728,1374,281664,139915,3975842,True,False
Sloot,195525465,207555,21283,937,205002,23506,4415937,True,False
LPMassive,195448335,81270,18813,2181,315264,22874,2409670,True,False
羅傑 (roger9527),195398655,34620,12707,5401,131484,22369,4197860,True,False
ChicaLive,195344370,92445,14928,2045,1041932,631422,2776587,True,False
도현_ (d_obby),195270330,129525,16860,1401,195405,153300,5913454,True,False
Valkia,194961090,106335,23519,1008,308459,146451,8091070,True,False
caps,194376465,17865,26754,10170,479368,270611,6373471,True,False
龜狗 (gueigotv),194262165,134895,9918,1373,165232,25466,6005834,True,True
Alfie,194074230,181755,15588,971,183885,33462,3380440,True,False
NiceWigg,193912155,130140,13013,1475,184033,111498,2871081,True,False
zEkO,193867860,44970,21313,4440,743040,370683,5338943,True,True
x6FlipiN,193573740,61095,19304,2712,279204,186655,6462906,True,True
JASONR,193460805,188205,33902,992,777611,136800,6183865,True,False
Dhalucard,192609885,83400,22306,1828,269408,97678,7444967,True,False
duckmanzch,192428310,129945,14684,1363,122694,75228,9240202,True,False
MrBboy45,191523465,110835,9408,1659,318995,57504,6445684,True,False
인간젤리 (ses836),190448565,157200,7683,1213,105730,29332,5099767,True,False
AladdinTV,189890160,131490,4279,1416,110211,45168,4298260,True,False
miniminter,189756300,41400,27188,4215,858427,588461,16598800,True,False
ClintStevens,189206565,40125,15223,4445,393432,102753,2303521,True,False
NoctisAK47,189081300,171270,7264,1052,73584,41176,6381664,True,True
Daxak,188764350,84855,7721,2061,116897,64239,5857325,True,False
ThaldrinLol,188750280,112095,11305,1671,521166,95126,7822019,True,False
olyashaa,187722975,77730,9142,2296,559877,138621,14210392,True,False
Jay3,187658970,165585,9514,1111,189654,124100,3079327,True,False
SovietWomble,187497450,63360,9616,2900,1368076,214775,5846971,True,True
GodHunt,187099860,94590,19032,1820,202883,30738,7464390,True,False
Everyeyeit,187019640,133125,18421,1236,86590,42213,52155951,True,False
Speedrun,186800430,500010,16604,375,93358,51098,13863239,True,False
iamSometimes,186597300,102870,23238,2004,179552,99162,4766495,True,False
Broeki1,186562710,141675,13091,1317,150944,25995,4702541,True,True
hexy,186060390,90495,14020,2092,336093,20006,2855592,True,False
Etoiles,185982570,78165,45364,2090,220873,167386,6466352,True,False
xChocoBars,185905980,96300,37216,1917,583881,107350,8679867,True,False
GN_GG,185795730,108075,4859,1715,91514,14734,3333965,True,False
SheriffEli,185394810,143400,5988,1291,265814,11832,2355559,True,True
iateyourpie,184820460,181335,10962,987,124020,7942,4878552,True,False
KYR_SP33DY,184233300,95055,6607,1879,706212,66637,2451110,True,False
armateam,183066645,379680,3181,479,187315,8680,3569807,True,False
JeelTV,182390235,99870,7302,1768,357385,276765,6668409,True,False
Pengu,182358345,70665,7707,2452,775987,241309,5240516,True,True
태준이 (dlxowns45),182309400,79620,10549,2023,346631,124060,5444952,True,False
gabepeixe,181929585,101730,5955,1788,149362,25034,2795325,True,True
TSM_TheOddOne,181908120,188445,4363,913,864087,-15772,6370949,True,False
luke4316live,181729410,307005,2757,636,168531,36988,4795414,True,False
VGBootCamp,181431360,77085,97791,1534,521938,24798,5491154,True,False
CapcomFighters,181252125,23850,84858,5684,348447,20205,12878708,True,False
Datto,181075290,71400,82047,2122,530822,89739,4566171,True,True
NeverSayYesTwitch,180978855,115455,10771,1357,194933,176218,3381154,True,False
BeatportOfficial,180850230,27765,48457,5300,126546,124653,36484452,True,False
포셔 (portialyn),180674100,128385,4498,1349,39485,29698,2460689,True,False
케인 (kanetv8),180360300,130365,10087,1313,141167,52606,7004305,True,False
Sanchovies,180166830,141225,15588,1250,154845,145102,3924344,True,False
GhostFreak66,179939730,107295,94791,1029,111646,89879,2471382,True,True
RTAinJapan,179880525,16155,42822,8383,71730,44766,2700751,True,False
WankilStudio,179581950,17235,28866,10173,726730,274734,5141210,True,False
SLAKUN10,179262330,9555,48358,18906,1874932,1874846,5835029,True,False
Monkeynews,179083095,154965,72483,1288,80290,54112,4978021,True,True
forever,178945815,29625,53702,5300,373484,360874,2863254,True,False
AlpTV,178729455,38625,33059,2913,576276,257474,6685553,True,False
Crocodyle_lol,178727670,96000,8810,1802,107835,77142,3657348,True,True
WARDELL,178718460,127155,16215,1394,306435,288200,5304936,True,True
Tiagovski555YT,178563045,76065,11245,2061,220585,130719,5057048,True,False
Altair,178537155,145605,3702,1183,42265,19448,2779740,True,True
NiteNightKid,178419030,149040,29228,1127,28818,11998,1450208,True,True
fuslie,178245645,67560,45247,2504,336394,116757,7152158,True,False
Tyceno,177947595,42825,40407,4015,297359,250536,1623230,True,True
Faux,177800325,151170,15167,1133,237909,29301,3248586,True,False
RiotGamesTurkish,177746055,23835,36258,7414,651994,49244,9998277,True,False
makataO,177510525,182775,12292,910,391656,137135,7336811,True,False
Drjayfisto,177159195,155340,4092,1105,130341,41353,6201998,True,True
CarTmaNzbs,176608230,96615,7809,1793,386948,65268,13183429,True,False
Th3Antonio,176072760,62175,13955,2419,223756,87872,5222867,True,False
BigEx,176005440,96870,21401,1569,256448,138235,1947938,True,False
BigSpinCR,175255470,92970,21815,1824,185784,81726,2995202,True,False
Maghla,175236000,77505,16695,2124,329065,234216,6831650,True,True
Becca,174842160,115200,11405,1500,357844,56356,4198030,True,False
SirhcEz,174824130,133410,5928,1279,579629,34334,3081725,True,False
twlevewinsHS,174228915,102900,5425,1711,38410,31257,1353428,True,False
코렛트 (collet11),174087030,136065,6144,1248,215304,73181,5543661,True,False
Zombie_Barricades,173823135,228765,4497,735,172386,60031,2219053,True,True
NBA2KLeague,173779995,28245,48495,4264,143535,42942,67586924,True,False
XBOCT,173672880,35970,20110,4473,318230,78529,5635774,True,False
shtan_udachi,173627565,87210,7220,1929,100852,22524,3970603,True,False
orslok,173607810,52005,21759,3082,327888,269085,5048873,True,False
BRNWOWZK1,173484990,365670,6981,465,173713,87295,5330221,True,True
HellYeahPlay,173443275,103830,3946,1706,136885,31088,5014047,True,False
홍방장 (game2eye),173015430,96045,5698,1669,183891,22221,5266599,True,False
grafo,172499415,111105,7165,1544,414577,173024,5627155,True,False
xTheSolutionTV,172316145,78030,16093,2027,320629,103800,2778565,True,False
Igromania,172086390,186960,6159,939,184078,13710,115312954,True,False
Back2Warcraft,171822405,93345,8309,1697,94929,21267,4016790,True,False
超負荷 (sam1268),171602475,35805,11861,4538,148702,20433,5691145,True,True
10000DAYS,171293220,131565,11193,1255,356683,158473,10528149,True,False
iProMx,171223080,36000,8874,4576,151788,80190,1637792,True,False
짬타수아 (zzamtiger0310),171115545,90345,6217,1876,185684,46791,6693148,True,False
GingiTV,171013470,89805,6450,1713,156597,45047,5117439,True,False
venruki,170464680,133110,13179,1264,292558,44449,7127552,True,False
Pimpeano,170116395,21420,38592,6469,740343,665323,3744461,True,True
MatteoHS,169885590,141525,5827,1176,428553,221153,4537952,True,False
nugiyen,169858440,159135,8448,996,121984,22377,3448935,True,False
HighDistortion,169501845,105630,20179,1397,1677690,61126,5125402,True,False
LuquEt4,169456620,153855,4958,1081,74404,45202,2807619,True,True
THump,169365870,92055,8063,1885,250786,115028,2168664,True,True
MaTaFe_,169215480,153525,8535,1096,116653,106957,4182011,True,True
rxnexus,169026750,112095,6765,1475,255944,23213,5862326,True,False
VaporaDark,168943005,70650,5041,2338,101359,22193,7610128,True,False
PaymoneyWubby,168861240,30600,16622,5485,302419,126399,2668187,True,False
RTGameCrowd,168832200,38685,20354,4259,861594,308499,3736356,True,False
다주 (dda_ju),168767490,108690,9137,1466,205041,52071,3755880,True,False
Bawkbasoup,168736395,130215,7853,1259,94820,27795,2313340,True,True
견자희 (wkgml),168416325,76140,10656,2210,415795,150813,6013389,True,False
Werlyb,168339975,57105,37980,2399,204348,146852,5349362,True,False
TSM_Hamlinz,167898480,11055,51989,15483,2137521,126150,2268382,True,False
DougisRaw,167875230,153960,22641,1076,127151,74509,2149900,True,True
Mmorpg,167774640,182925,4994,908,235167,19566,3055373,True,False
BreaK,167534355,115560,9531,1432,309300,18289,3880016,True,True
berkriptepe,167325930,32790,24573,4103,622358,281667,5508199,True,False
Xposed,167309220,111240,8580,1475,266853,147449,2220313,True,True
무굴 (moogrr1211),167186250,188805,2008,879,37162,10214,3006979,True,False
BoarControlHS,166892040,153345,3622,1064,79204,39363,2852825,True,False
Dementardo,166850715,35445,15476,4663,547154,465321,2419659,True,False
CrReaM,166587645,142350,8098,1150,165906,6207,1614843,True,True
Xiuder_,166422960,172080,13675,909,312280,298759,3022408,True,False
SmallAnt,166352115,96720,11518,1821,255156,218287,2695198,True,False
Naowh,165590085,120435,11693,1333,103636,48833,5069397,True,False
Tonton,165536760,133530,9738,1237,147542,76656,3954958,True,False
逼比 (bebelolz),165015915,64650,7592,2488,260119,26670,6966348,True,False
踢虧 (takesipon),164981160,111600,8103,1534,57634,11867,3983662,True,False
Vargskelethor,164759730,58395,6577,2809,287063,60041,2147906,True,True
핑맨 (95pingman),164673495,47430,26738,3449,195423,97696,3424139,True,False
LobosJr,163736505,121335,12709,1332,375646,27173,3970888,True,True
ZONY,163669320,147990,7172,1118,260125,140806,3739750,True,False
Monstercat,163589370,519675,14261,313,788684,22331,4084222,True,False
k1ng,163381335,36540,52558,4365,706537,614383,6210317,True,False
DuelLinksMeta,163307010,89910,5792,1886,88697,33306,6092699,True,False
Esports_Alliance,163208925,37110,27040,4293,117084,55445,8254877,True,False
lolesportsla,163132800,40950,37187,4586,186208,71514,5283711,True,False
Vovo,162887760,150555,7268,974,141898,92033,3786059,True,True
goncho,162817050,61770,18091,2431,442412,236558,6156791,True,True
MenosTrece,162738420,107700,7132,1481,470873,190155,5465173,True,False
swimstrim,162723510,108540,13314,1383,137885,62796,2964244,True,False
AnneMunition,162714930,99345,37236,1586,621921,65910,10222790,True,False
Reverse2k,162618315,181665,14160,925,380488,155158,3906784,True,False
erobb221,162559230,82470,10391,2028,244207,88737,2352357,True,False
voicetv,162510660,514845,1874,314,3660,1328,4001475,True,False
FFearFFul,162232935,36165,116245,5305,727059,492841,2041776,True,False
Cryaotic,162138405,85785,7169,1727,813371,24644,2326058,True,True
Dmitry_Lixxx,161818335,51600,26715,3006,347824,332931,8549523,True,False
Sweatcicle,161489220,137880,14550,1023,160000,120954,2372907,True,True
tebtv,161468685,69315,13639,2177,76050,59909,10310607,True,False
_연두부_ (lovelyyeon),161371665,140535,4282,1115,108382,74892,5389852,True,False
pankylol,161208750,51015,17394,3141,284563,166114,7887006,True,False
Alkaizerx,161185890,103950,12430,1312,153870,21706,3152805,True,True
hastad,160672260,85545,10888,1812,868738,188163,4991368,True,False
미라지 (mirage720),160163880,94005,30706,1638,352412,122225,5107789,True,False
Tanxlive,159875505,161010,6899,971,244133,40087,7067999,True,True
Rogue,159761910,121005,7289,1186,169330,147217,2431075,True,False
easywithaces,159655155,107910,18686,1388,90359,35096,3279762,True,True
BeyondTheSummit_PT2,159647175,104955,126254,796,178612,137968,4834852,True,False
CarritosKami,159557775,104955,14634,1681,165439,67444,6694660,True,False
dizzy,159505395,49125,19262,2997,795869,122263,4572893,True,True
EAMaddenNFL,159449055,19995,57179,5697,241924,72319,5152605,True,False
TobiasFate,159172080,127740,4681,1233,701822,49134,5210466,True,False
PUBG,159140235,32865,35922,4647,733628,78929,4783744,True,False
BananaSlamJamma,159071145,113595,5152,1263,170181,23267,2546439,True,True
Dyrus,158999070,138300,11338,1123,1474090,111,3724340,True,True
Mushway,158995065,56820,9611,2638,310100,233686,3178181,True,False
bazattak007,158951265,87330,11217,1630,391413,322355,4835861,True,False
IFrostBolt,158035530,169260,6210,897,199618,106749,2723926,True,False
Kandyland,157882170,86745,9203,1748,405554,202294,11207571,True,True
감블러 (9ambler),157852620,89715,11279,1692,144116,77889,3731059,True,False
Sco,157847640,57690,15241,1790,375911,32463,10361325,True,False
ProfessorBroman,157325925,154635,12676,955,732192,22714,3579571,True,True
Paoloidolo,156901800,125115,7659,1205,183900,57927,4585217,True,False
1PVCS,156821940,53835,23081,2256,71596,31807,8056327,True,False
강퀴 (kangqui),156544635,112755,10809,1400,57130,18133,3877756,True,False
AkTep,156236730,94545,6300,1541,222796,51862,4273193,True,True
햇살살 (hatsalsal),156211005,119040,3915,1302,77861,25730,5576914,True,False
PardonMyTake,156004485,25140,141406,6728,143916,143806,3300371,True,False
Sweet_Anita,155731920,57600,21594,2690,972070,510063,7927278,True,True
Draineo,155593140,124095,7777,1169,102225,65702,175788,True,False
Cerbero_Podcast,155187570,57120,19298,2647,179420,132867,4071398,True,False
cellinrj,154982550,87945,7136,1711,245715,122045,3621969,True,True
SkyshockTV,154727730,94275,6213,1605,114154,32991,3059244,True,False
Evangelion0,154595850,85635,8533,1777,120494,28322,3446723,True,False
AnthonyZ,154524165,117735,7416,1216,199617,23303,2812219,True,False
mokrivskyi,154332060,27105,29983,5864,308815,304008,8255635,False,False
CaMaK,154277370,87375,9437,1759,151886,7578,3019137,True,True
Uthenera,154125945,77475,9460,2106,411346,99872,4832180,True,False
Corobizar,153988380,83325,11200,1787,272635,84933,4345590,True,False
roflgator,153963765,110910,14329,1281,106365,46487,1449834,True,True
QuarterJade,153857655,61980,12144,2286,277256,167202,3921702,True,False
kutcherlol,153784695,138060,6802,1093,198818,36059,5070320,True,False
DieHahn,152767545,125025,8048,1229,231584,44782,3418935,True,True
chowh1,152754465,143415,8221,980,113551,84231,4175567,True,True
cacho01,152494320,54645,18552,2669,269080,250197,2516244,True,False
natalan,152469705,60510,9561,2240,529357,462674,2737155,True,True
DreamHackDota2_RU,152461155,6135,98717,22356,203419,30231,3637232,True,False
DuendePablo,152343585,133290,10121,1101,514073,118567,4216188,True,False
小夜夜 (albislol),152033250,208485,3740,706,146276,10939,4554443,True,True
UCCleague,152021685,131070,14003,1378,226974,46807,9915656,True,False
貝克 (slrabbit99),151739370,112845,5944,1329,106235,2495,4838617,True,True
Stewie2K,151271895,24735,27416,5296,875087,289867,5771575,True,True
jorbs,151128345,117795,4084,1243,70609,20603,1410877,True,False
BlackFIreIce,150698280,139980,3044,1070,108895,6130,4424196,True,False
kurt0411,150579045,37710,26941,4083,142446,114789,2221662,True,False
Herdyn,150266550,123060,4254,1180,410224,91098,5639711,True,True
Frankkaster,150181140,30975,49127,4886,826222,356711,5878239,True,True
SayNoToRage,150150330,137820,8014,1010,168463,17619,1552234,True,False
MiltonTPike1,149975130,81960,8838,1845,200012,25768,2185519,True,False
H0llyLP,149766195,130860,4958,1116,151000,11875,3846703,True,True
MarkitoNavaja,149407365,28410,26584,5070,665430,641813,3159593,True,False
RobertoCein,149162865,114120,15249,1270,730326,422842,2907888,True,True
KVYZEE,149052375,161580,8354,849,127963,74894,6715483,True,False
MarketTradersTV,148900110,499215,1357,297,30413,12081,981536,True,False
Flambass,148717500,130395,5507,1138,71953,26918,2319131,True,True
Aa9skillz,148596180,49035,11843,2885,502696,142789,2373012,True,False
Limmy,148371105,90600,6575,1641,207508,136263,2433739,True,True
SparkofPhoenixTV,148192215,92400,15792,1462,433078,195208,3537808,True,False
kyliebitkin,147948870,127485,6688,1142,85336,25720,2468122,True,True
CoconutB,147918285,122565,4596,1171,188378,62459,2691775,True,True
FanHOTS,147664290,134550,2104,1090,64587,27948,2451118,True,False
Pelegrino1993,147243720,129210,6236,1074,80566,64799,1772816,True,False
Killars,146865810,210810,4232,642,46971,15728,1747381,True,False
Weak3n,146770110,115470,2922,1260,188176,30028,4780580,True,False
Tourva,146412075,116070,5067,1185,287553,182413,7888629,True,True
wintergaming,146245920,195615,7019,719,260779,13900,3609065,True,False
Vicens,146199795,26115,30628,5739,730679,724245,4110592,True,False
PainLivestream,145610160,89775,15002,1635,435872,81619,2283772,True,True
monkeys_forever,145475145,80460,6738,1563,79270,34329,2106144,True,False
Kaydop,145291695,64830,23304,2268,193058,117412,3185925,True,False
しゃるる (syaruru3),145193595,103995,3710,1309,33726,9684,3022192,True,False
primeleague,144858945,30510,19013,4427,73409,71211,5606593,True,False
LRojo_,144763395,111435,11178,1192,100767,82320,3959878,True,False
trihex,144608640,121515,21721,1157,431935,29678,5777172,True,True
Spaceboy,144599880,123015,10590,1107,135311,27050,2614773,True,True
Froggen,144496815,46710,10648,3024,770030,31800,3577064,True,False
BotanicX,144361350,71445,9135,1937,34119,11512,9335252,False,False
dinablin,144307800,60870,29316,2413,293748,239896,11129949,True,False
RiceGum,144167385,12300,29173,11696,903261,388376,2273737,True,False
ipav999,144114480,191400,2536,737,163956,82668,2920832,True,False
Lutti,143841150,89220,37121,1153,226344,163441,3727211,True,False
kragiee,143449350,121890,6298,1137,234312,65977,3136101,True,False
Puppers,143414790,98595,6798,1458,171425,64591,1753517,True,False
Crayator,143191365,75165,4911,1796,599828,177501,3865293,True,False
MANvsGAME,142696875,65775,5831,2103,510330,2336,2713787,True,True
TheRealMarzaa,142547775,93015,12525,1505,495558,258153,2909149,True,False
foggedftw2,142444290,111675,8622,1220,242205,109500,3438208,True,True
Linkus7,142322655,121755,7248,1121,96728,41862,1866513,True,False
Arcadum,142213980,134700,13801,992,120586,78642,2169921,True,False
ImMarksman,142168560,77430,11141,1889,633443,152094,1311402,True,False
LightFuryLF,142094850,111315,15139,1169,51589,32663,4989684,True,False
BarcaGamer,141736230,119565,57917,1234,636568,548578,3012949,True,False
EFEUYGAC,141455130,38910,14481,3700,358498,297215,5234400,True,True
Xnapycz,141426165,87885,4388,1572,94551,44450,4521040,True,True
SilentSentry,141219225,125760,5572,1085,301633,13533,1896110,True,False
球球 (lilballzlolz),141185625,78015,6328,1724,118276,9831,4212219,True,False
DaigoTheBeasTV,141183435,57525,27261,2225,173271,42313,4166521,True,False
UncleBjorn,141021495,134805,4265,975,111003,26514,7886426,True,False
AnniTheDuck,140975745,53220,7894,2533,460463,263210,7336341,True,True
StRoGo,140812395,29385,45087,4621,272944,258332,5978117,True,False
재슥짱 (pikra10),140512860,124170,4659,1068,77376,42516,2973636,True,False
貝莉莓 (beryl_lulu),140500785,81990,15901,1739,156726,49522,9765341,True,False
purple_hs,140426535,111810,5460,1149,88792,18850,1512076,True,False
Harmii,140304750,116130,7200,1159,333858,168452,3556031,True,False
Zerkaa,140243025,51000,11192,2571,529504,373720,2530852,True,False
iklooode25,140170155,21360,42463,7265,418710,354335,1443848,True,False
聶寶 (nielnieh345),140168070,186015,5455,728,93991,18742,4755073,True,False
akagreenn,140084580,51600,21136,2902,117916,114861,3514645,True,True
Spraggy,139893270,81585,30415,1674,99807,35453,3037728,True,False
TpaBoMaH,139724325,92445,6813,1531,151266,85717,7804776,True,False
Day9tv,139556325,64500,5597,2140,496790,13344,2495558,True,False
Sologesang,139273200,123390,5120,1072,58531,26062,4569358,True,False
karavay46,139258050,33045,48331,4037,354734,301941,8457221,True,False
RaulZitoYT,139249440,131460,6545,839,78971,76729,2725303,True,False
JonBams,139067415,88830,5577,1522,309837,75728,1940922,True,True
Japan_ASMR,138935670,509670,496,271,67707,32649,1272641,True,False
OuterHeaven,137995935,94575,6955,1101,137954,7924,1037346,True,True
Yamikazexz,137528370,74490,12411,1643,201657,161100,5719244,True,False
aircool,137305080,128055,12620,964,153703,120570,1628826,True,False
Lapi,137258130,171570,8684,789,130323,16992,6792456,True,False
robn_live,137249820,133545,73664,656,66223,63975,1502917,True,False
과로사1 (aram4519),136944300,81570,14167,1592,301329,179604,5711063,True,False
Ezekiel_III,136597425,109890,18804,1190,190452,8969,4018240,True,True
RebeuDeter,135843000,18510,24675,7141,215360,194128,2560454,True,False
nookyyy,135590925,149220,7393,683,206681,78987,2481667,True,False
BrookeAB,135540690,48705,24357,2777,737161,247335,6936235,True,False
innocents,135250410,83790,13654,1557,534759,279080,3488587,True,True
RealKraftyy,135181170,108585,19953,1235,710277,21198,4102026,True,False
rhobalas_lol,135169095,174210,5224,779,100599,69851,3011205,True,False
veloxey,135057600,88620,8596,1273,252913,180142,1874494,True,False
ArQuel,134912310,116415,9110,1122,285920,45153,4895500,True,False
ElOjoNinja,134761230,82020,9339,1484,273504,133594,5226901,True,False
Bamboe,134431230,118920,5956,1075,86644,25348,2322578,True,False
Sonecarox,133976280,239655,2445,569,87530,21318,3105118,True,True
MuTeX,133816530,150015,9448,824,200619,114872,1615269,True,True
RayNarvaezJr,133649520,82605,6611,1589,528396,29068,2180691,True,True
Tanovich,133079115,89865,10352,1434,296560,219383,3677360,True,True
Zalae,133078635,95010,5934,1351,170668,23494,1776974,True,False
KheZu,132976365,124635,5322,991,122158,28840,2671995,True,False
mandiocaa1,132533775,29685,9540,4355,312944,29691,2567198,True,True
스피드소닉 (dragon3652),132487740,243375,2379,529,35503,11620,4618003,True,False
RiotGamesOCE,132387150,40890,50458,3076,149775,65748,8437414,True,False
Videoyun,132320235,123345,8057,1030,375697,85165,8078109,True,False
AlcastHQ,132082785,28905,12999,4680,81928,24582,41833833,True,False
julien,132054690,80895,15150,1685,511861,177756,4880209,True,False
iGeStarK,131957700,79455,12893,1282,244437,231731,2948954,True,False
Ziqoftw,131821710,94515,10569,1293,198304,33547,4933908,True,False
CyrusTWO,131621775,128085,2727,1027,96691,25277,5787660,True,True
칸데르니아 (jmjdoc),131408250,170865,2395,756,30877,9502,4337476,True,False
CouRageJD,131341275,14010,72100,8717,2115596,120434,2874860,False,False
YoMax,131072925,58380,16952,2051,273980,129000,1715466,True,False
JeffHoogland,130973670,113655,3375,1070,68914,7290,1965274,True,False
Call of Duty (callofduty),130938960,3645,170131,19897,968465,50321,5423366,True,True
GoBGG,130398315,92730,4198,1400,229586,37272,5971819,True,False
Wackyjacky101,130390590,130335,5981,1012,209700,72794,9213152,True,False
TaKeTV,130220190,108555,31809,829,227062,13033,2855045,True,False
iceiceice,130179570,37545,8409,3107,183960,57797,2582911,True,False
StarCraft,130159470,14850,56109,6636,342409,22130,4110003,True,False
MadDecentLive,129993915,42510,36968,3069,95371,95352,44291541,False,False
WillerZ,129956310,133770,24663,872,79392,68899,2344895,True,True
SoyPan,129903855,132840,13884,954,343191,162018,2167760,True,False
murilo_RT,129898080,383955,8185,315,70814,55939,3070308,True,True
Multiplayerit,129567630,111795,15237,1053,58786,17650,30889814,True,False
Markstrom,129129615,106620,71423,915,93045,35277,1829062,True,False
Krayn_Live,129103425,137040,4183,918,125775,20572,4621526,True,True
西門夜說 (westdoor),128928105,109065,5363,1165,272662,16908,5018006,True,True
Sintica,128908575,94845,8467,1207,160387,110955,7008648,True,False
FantaBobShow,128845890,65565,8248,1936,348598,86339,3598696,True,True
ops1x,128783415,68235,23490,1457,268942,254190,3050489,True,False
wingz,128746905,92715,3940,1347,85695,32924,3057045,True,False
ZLOYn,128586435,49230,14155,2603,294277,284221,6731111,True,False
HunterGodBr,128369655,89520,51612,1737,258876,254260,14078099,True,False
leplol1,128314530,125385,9307,1444,157981,116243,3163399,False,False
sacy,128171445,96630,10692,1304,206184,117190,3590048,True,False
헤징 (hejin0_0),127710465,125865,3032,1017,123451,72192,5800110,True,False
Naru,127650015,39825,13744,3045,344859,123779,5321664,True,False
Warcraft,127646610,10005,51972,13741,593564,31688,6635421,True,False
FlexZ,127550640,114750,14278,897,155382,133959,3254805,True,False
DizzyKitten,127398990,80100,10080,1584,613135,54653,8960383,True,False
지수소녀 (wltn4765),127291245,134070,9379,980,99600,68129,6213041,True,False
Staryuuki,127219620,77040,5530,1467,586475,530306,5418113,True,False
CeMka,127117680,110550,18473,979,86502,22116,4241970,True,False
Halifax,126885855,160500,12478,793,228316,52433,2955093,True,False
Bidule,126808620,61395,10100,2052,82570,64920,2486535,False,True
Gabi,126779310,63480,17866,2174,271202,178648,3821231,True,False
Hype,126704460,81510,10030,1674,145476,101271,6185689,True,True
Gigz,126436725,98685,15061,1136,254401,44075,1958787,True,False
매직박 (yagubu),126240810,66165,25478,1666,59697,53490,3379601,True,False
richwcampbell,126132675,69870,34756,1878,108410,57422,3790423,True,False
ESL_CSGO_FR,126026325,53295,22857,2570,193614,26073,4124889,True,False
양아지 (dkwl025),125872350,103365,6861,1237,220819,114560,4933531,True,False
Cizzorz,125812350,56970,11782,1891,1866339,222573,3095942,True,False
RyuQuezacotl,125680845,125820,4022,976,79063,9884,1867494,True,True
Sigma,125477415,94695,81683,798,61206,54151,1334161,True,True
Robbaz,125249820,86415,4938,1427,229652,23827,5009610,True,False
mailand,124936395,86865,6867,1400,86561,31605,3923343,True,True
Buozzi,124926540,142785,4036,872,75290,39547,5126434,True,True
HeyarTV,124878165,155700,2343,786,124479,17695,2506556,True,True
LenaGol0vach,124876665,30210,9115,4159,274237,40915,2969471,False,False
Sinner666,124812240,24765,27996,4530,7102,7101,21322548,False,False
TommyKayLIVE,124680810,108105,3536,1124,127770,58673,2561302,True,True
TMemoryy,124620795,130440,3244,924,171107,64750,1027960,True,False
Patriota,124595820,64305,29435,1951,646758,344213,3707623,True,False
러너교 (runner0608),124525605,52785,17926,2434,164902,58988,4276695,False,False
zorlaKOKA,124241010,100050,4977,1247,361102,83418,7654224,True,False
Hitch,124224555,132870,3976,875,96343,30813,1942552,True,True
calango,124180125,70155,8380,1736,767187,293608,3292645,True,False
Adin2Huncho,124133550,64920,14502,1470,199880,162642,956614,True,False
SlotRoom247,124078200,373800,20609,326,69183,69113,1338301,False,True
ALLinPav,124058985,137760,6221,850,71579,21360,3156265,True,True
Surefour,124056555,53145,7911,2289,331662,46991,2066041,True,True
NumotTheNummy,123899265,105930,3359,1118,103069,8045,1530401,True,False
aminematue,123826230,30480,16577,4016,124232,123363,2316908,True,False
CallMeCarsonLIVE,123486240,14340,61531,8208,1151712,732108,3533199,True,True
ZiggyDLive,123398085,99075,18437,1227,173807,15899,4249580,True,False
KEEMSTAR,123365895,3465,74195,35333,146035,46367,7139253,False,False
크캣66 (crazzyccat),123279435,192780,2543,644,35930,24849,1889696,True,False
RelaxBeats,123273930,521430,2830,235,166162,29595,1094850,True,False
LAGTVMaximusBlack,123125340,161535,7138,725,256353,13251,2310313,True,True
Destructoid,122628630,103020,14566,1190,48007,8995,87603521,True,False
LITkillah,122524635,13560,21359,9104,601927,562691,2162107,True,False
빅헤드 (bighead033),122523705,153000,3940,793,213212,52289,4399897,True,False
마스카 (newmasca),122452320,217410,6431,567,109068,-4942,3417970,True,False
AndyMilonakis,122311065,104745,10543,1153,547446,109111,3926918,True,False
Remx,122192850,99180,13788,1205,178553,59432,2049420,True,False
